Model,Dataset,Collection,Type,ID,Shots,Performance,Metric,Include?
Flan-T5-Base,BBQ_Lite,BBL,Default,1,1,0.490077764,Logits,TRUE
Flan-T5-Base,BBQ_Lite,BBL,Unobserved,1,1,0.499471217,Logits,TRUE
Flan-T5-Base,BBQ_Lite,BBL,Unobserved,2,1,0.475769818,Logits,TRUE
Flan-T5-Base,BBQ_Lite,BBL,Unobserved,3,1,0.481181949,Logits,TRUE
Flan-T5-Base,BBQ_Lite,BBL,Unobserved,4,1,0.469362378,Logits,TRUE
Flan-T5-Base,BBQ_Lite,BBL,Unobserved,5,1,0.489766717,Logits,TRUE
Flan-T5-Base,BBQ_Lite,BBL,Unobserved,6,1,0.508802474,Logits,TRUE
Flan-T5-Base,BBQ_Lite,BBL,Unobserved,7,1,0.553468108,Logits,TRUE
Flan-T5-Base,BBQ_Lite,BBL,Unobserved,8,1,0.564603448,Logits,TRUE
Flan-T5-Base,BBQ_Lite,BBL,Unobserved,9,1,0.492939353,Logits,TRUE
Flan-T5-Base,BBQ_Lite,BBL,Unobserved,10,1,0.483048201,Logits,TRUE
Flan-T5-Base,BBQ_Lite,BBL,Unobserved,11,1,0.571384132,Logits,TRUE
Flan-T5-Base,BBQ_Lite,BBL,Unobserved,12,1,0.547060668,Logits,TRUE
Flan-T5-Base,BBQ_Lite,NIV2,QA,1,1,0.518444777,Logits,TRUE
Flan-T5-Base,BBQ_Lite,NIV2,QA,2,1,0.519751191,Logits,TRUE
Flan-T5-Base,BBQ_Lite,NIV2,QA,3,1,0.523297071,Logits,TRUE
Flan-T5-Base,BBQ_Lite,NIV2,QA,4,1,0.516765177,Logits,TRUE
Flan-T5-Base,BBQ_Lite,NIV2,QA,5,1,0.518755853,Logits,TRUE
Flan-T5-Base,BBQ_Lite,NIV2,QA,6,1,0.518755853,Logits,TRUE
Flan-T5-Base,BBQ_Lite,NIV2,QA,7,1,0.515894234,Logits,TRUE
Flan-T5-Base,BBQ_Lite,NIV2,QA,8,1,0.516516328,Logits,TRUE
Flan-T5-Base,BBQ_Lite,NIV2,QA,9,1,0.51906687,Logits,TRUE
Flan-T5-Base,BBQ_Lite,NIV2,QA,10,1,0.518071532,Logits,TRUE
Flan-T5-Base,BBQ_Lite,NIV2,QA,11,1,0.481306374,Logits,TRUE
Flan-T5-Base,BBQ_Lite,NIV2,QA,12,1,0.480559886,Logits,TRUE
Flan-T5-Base,BBQ_Lite,NIV2,QA,13,1,0.480248839,Logits,TRUE
Flan-T5-Base,BBQ_Lite,NIV2,QA,14,1,0.474587858,Logits,TRUE
Flan-T5-Base,BBQ_Lite,NIV2,QA,15,1,0.477760494,Logits,TRUE
Flan-T5-Base,BBQ_Lite,NIV2,QA,16,1,0.477760494,Logits,TRUE
Flan-T5-Base,BBQ_Lite,NIV2,QA,17,1,0.475894243,Logits,TRUE
Flan-T5-Base,BBQ_Lite,NIV2,QA,18,1,0.478942454,Logits,TRUE
Flan-T5-Base,BBQ_Lite,NIV2,QA,19,1,0.472099543,Logits,TRUE
Flan-T5-Base,BBQ_Lite,NIV2,QA,20,1,0.475209951,Logits,TRUE
Flan-T5-Base,BBQ_Lite,NIV2,QA,21,1,0.522799373,Logits,TRUE
Flan-T5-Base,BBQ_Lite,NIV2,QA,22,1,0.523856938,Logits,TRUE
Flan-T5-Base,BBQ_Lite,NIV2,QA,23,1,0.531570733,Logits,TRUE
Flan-T5-Base,BBQ_Lite,NIV2,QA,24,1,0.516889572,Logits,TRUE
Flan-T5-Base,BBQ_Lite,NIV2,QA,25,1,0.524976671,Logits,TRUE
Flan-T5-Base,BBQ_Lite,NIV2,QA,26,1,0.524976671,Logits,TRUE
Flan-T5-Base,BBQ_Lite,NIV2,QA,27,1,0.520870924,Logits,TRUE
Flan-T5-Base,BBQ_Lite,NIV2,QA,28,1,0.520124435,Logits,TRUE
Flan-T5-Base,BBQ_Lite,NIV2,QA,29,1,0.524479032,Logits,TRUE
Flan-T5-Base,BBQ_Lite,NIV2,QA,30,1,0.523483694,Logits,TRUE
Flan-T5-Base,BBQ_Lite,NIV2,QA,31,1,0.506376386,Logits,TRUE
Flan-T5-Base,BBQ_Lite,NIV2,QA,32,1,0.506936252,Logits,TRUE
Flan-T5-Base,BBQ_Lite,NIV2,QA,33,1,0.508740306,Logits,TRUE
Flan-T5-Base,BBQ_Lite,NIV2,QA,34,1,0.503950238,Logits,TRUE
Flan-T5-Base,BBQ_Lite,NIV2,QA,35,1,0.507060647,Logits,TRUE
Flan-T5-Base,BBQ_Lite,NIV2,QA,36,1,0.507060647,Logits,TRUE
Flan-T5-Base,BBQ_Lite,NIV2,QA,37,1,0.505256593,Logits,TRUE
Flan-T5-Base,BBQ_Lite,NIV2,QA,38,1,0.506687403,Logits,TRUE
Flan-T5-Base,BBQ_Lite,NIV2,QA,39,1,0.506251931,Logits,TRUE
Flan-T5-Base,BBQ_Lite,NIV2,QA,40,1,0.508615851,Logits,TRUE
Flan-T5-Base,BBQ_Lite,NIV2,QA,41,1,0.4991602,Logits,TRUE
Flan-T5-Base,BBQ_Lite,NIV2,QA,42,1,0.499284595,Logits,TRUE
Flan-T5-Base,BBQ_Lite,NIV2,QA,43,1,0.499471217,Logits,TRUE
Flan-T5-Base,BBQ_Lite,NIV2,QA,44,1,0.495552093,Logits,TRUE
Flan-T5-Base,BBQ_Lite,NIV2,QA,45,1,0.497480571,Logits,TRUE
Flan-T5-Base,BBQ_Lite,NIV2,QA,46,1,0.497480571,Logits,TRUE
Flan-T5-Base,BBQ_Lite,NIV2,QA,47,1,0.496671855,Logits,TRUE
Flan-T5-Base,BBQ_Lite,NIV2,QA,48,1,0.49586314,Logits,TRUE
Flan-T5-Base,BBQ_Lite,NIV2,QA,49,1,0.499595642,Logits,TRUE
Flan-T5-Base,BBQ_Lite,NIV2,QA,50,1,0.496236384,Logits,TRUE
Flan-T5-Base,Code_Line_Description,BBL,Default,1,1,0.355932206,Logits,TRUE
Flan-T5-Base,Code_Line_Description,BBL,Unobserved,1,1,0.3898305,Logits,TRUE
Flan-T5-Base,Code_Line_Description,BBL,Unobserved,2,1,0.457627118,Logits,TRUE
Flan-T5-Base,Code_Line_Description,BBL,Unobserved,3,1,0.593220353,Logits,TRUE
Flan-T5-Base,Code_Line_Description,BBL,Unobserved,4,1,0.542372882,Logits,TRUE
Flan-T5-Base,Code_Line_Description,BBL,Unobserved,5,1,0.355932206,Logits,TRUE
Flan-T5-Base,Code_Line_Description,BBL,Unobserved,6,1,0.355932206,Logits,TRUE
Flan-T5-Base,Code_Line_Description,BBL,Unobserved,7,1,0.457627118,Logits,TRUE
Flan-T5-Base,Code_Line_Description,BBL,Unobserved,8,1,0.474576265,Logits,TRUE
Flan-T5-Base,Code_Line_Description,BBL,Unobserved,9,1,0.474576265,Logits,TRUE
Flan-T5-Base,Code_Line_Description,BBL,Unobserved,10,1,0.338983059,Logits,TRUE
Flan-T5-Base,Code_Line_Description,NIV2,QA,1,1,0.644067824,Logits,TRUE
Flan-T5-Base,Code_Line_Description,NIV2,QA,2,1,0.61016947,Logits,TRUE
Flan-T5-Base,Code_Line_Description,NIV2,QA,3,1,0.61016947,Logits,TRUE
Flan-T5-Base,Code_Line_Description,NIV2,QA,4,1,0.627118647,Logits,TRUE
Flan-T5-Base,Code_Line_Description,NIV2,QA,5,1,0.61016947,Logits,TRUE
Flan-T5-Base,Code_Line_Description,NIV2,QA,6,1,0.61016947,Logits,TRUE
Flan-T5-Base,Code_Line_Description,NIV2,QA,7,1,0.593220353,Logits,TRUE
Flan-T5-Base,Code_Line_Description,NIV2,QA,8,1,0.593220353,Logits,TRUE
Flan-T5-Base,Code_Line_Description,NIV2,QA,9,1,0.61016947,Logits,TRUE
Flan-T5-Base,Code_Line_Description,NIV2,QA,10,1,0.627118647,Logits,TRUE
Flan-T5-Base,Code_Line_Description,NIV2,QA,11,1,0.474576265,Logits,TRUE
Flan-T5-Base,Code_Line_Description,NIV2,QA,12,1,0.491525412,Logits,TRUE
Flan-T5-Base,Code_Line_Description,NIV2,QA,13,1,0.474576265,Logits,TRUE
Flan-T5-Base,Code_Line_Description,NIV2,QA,14,1,0.491525412,Logits,TRUE
Flan-T5-Base,Code_Line_Description,NIV2,QA,15,1,0.474576265,Logits,TRUE
Flan-T5-Base,Code_Line_Description,NIV2,QA,16,1,0.474576265,Logits,TRUE
Flan-T5-Base,Code_Line_Description,NIV2,QA,17,1,0.474576265,Logits,TRUE
Flan-T5-Base,Code_Line_Description,NIV2,QA,18,1,0.491525412,Logits,TRUE
Flan-T5-Base,Code_Line_Description,NIV2,QA,19,1,0.474576265,Logits,TRUE
Flan-T5-Base,Code_Line_Description,NIV2,QA,20,1,0.491525412,Logits,TRUE
Flan-T5-Base,Code_Line_Description,NIV2,QA,21,1,0.61016947,Logits,TRUE
Flan-T5-Base,Code_Line_Description,NIV2,QA,22,1,0.593220353,Logits,TRUE
Flan-T5-Base,Code_Line_Description,NIV2,QA,23,1,0.627118647,Logits,TRUE
Flan-T5-Base,Code_Line_Description,NIV2,QA,24,1,0.593220353,Logits,TRUE
Flan-T5-Base,Code_Line_Description,NIV2,QA,25,1,0.627118647,Logits,TRUE
Flan-T5-Base,Code_Line_Description,NIV2,QA,26,1,0.627118647,Logits,TRUE
Flan-T5-Base,Code_Line_Description,NIV2,QA,27,1,0.61016947,Logits,TRUE
Flan-T5-Base,Code_Line_Description,NIV2,QA,28,1,0.593220353,Logits,TRUE
Flan-T5-Base,Code_Line_Description,NIV2,QA,29,1,0.593220353,Logits,TRUE
Flan-T5-Base,Code_Line_Description,NIV2,QA,30,1,0.61016947,Logits,TRUE
Flan-T5-Base,Code_Line_Description,NIV2,QA,31,1,0.542372882,Logits,TRUE
Flan-T5-Base,Code_Line_Description,NIV2,QA,32,1,0.559322059,Logits,TRUE
Flan-T5-Base,Code_Line_Description,NIV2,QA,33,1,0.525423706,Logits,TRUE
Flan-T5-Base,Code_Line_Description,NIV2,QA,34,1,0.559322059,Logits,TRUE
Flan-T5-Base,Code_Line_Description,NIV2,QA,35,1,0.559322059,Logits,TRUE
Flan-T5-Base,Code_Line_Description,NIV2,QA,36,1,0.559322059,Logits,TRUE
Flan-T5-Base,Code_Line_Description,NIV2,QA,37,1,0.559322059,Logits,TRUE
Flan-T5-Base,Code_Line_Description,NIV2,QA,38,1,0.542372882,Logits,TRUE
Flan-T5-Base,Code_Line_Description,NIV2,QA,39,1,0.525423706,Logits,TRUE
Flan-T5-Base,Code_Line_Description,NIV2,QA,40,1,0.559322059,Logits,TRUE
Flan-T5-Base,Code_Line_Description,NIV2,QA,41,1,0.593220353,Logits,TRUE
Flan-T5-Base,Code_Line_Description,NIV2,QA,42,1,0.593220353,Logits,TRUE
Flan-T5-Base,Code_Line_Description,NIV2,QA,43,1,0.593220353,Logits,TRUE
Flan-T5-Base,Code_Line_Description,NIV2,QA,44,1,0.576271176,Logits,TRUE
Flan-T5-Base,Code_Line_Description,NIV2,QA,45,1,0.593220353,Logits,TRUE
Flan-T5-Base,Code_Line_Description,NIV2,QA,46,1,0.593220353,Logits,TRUE
Flan-T5-Base,Code_Line_Description,NIV2,QA,47,1,0.61016947,Logits,TRUE
Flan-T5-Base,Code_Line_Description,NIV2,QA,48,1,0.576271176,Logits,TRUE
Flan-T5-Base,Code_Line_Description,NIV2,QA,49,1,0.61016947,Logits,TRUE
Flan-T5-Base,Code_Line_Description,NIV2,QA,50,1,0.593220353,Logits,TRUE
Flan-T5-Base,Conceptual_Combinations,BBL,Default,1,1,0.215686277,Logits,TRUE
Flan-T5-Base,Conceptual_Combinations,BBL,Unobserved,1,1,0.343137264,Logits,TRUE
Flan-T5-Base,Conceptual_Combinations,BBL,Unobserved,2,1,0.392156869,Logits,TRUE
Flan-T5-Base,Conceptual_Combinations,BBL,Unobserved,3,1,0.372549027,Logits,TRUE
Flan-T5-Base,Conceptual_Combinations,BBL,Unobserved,4,1,0.382352948,Logits,TRUE
Flan-T5-Base,Conceptual_Combinations,BBL,Unobserved,5,1,0.30392158,Logits,TRUE
Flan-T5-Base,Conceptual_Combinations,BBL,Unobserved,6,1,0.372549027,Logits,TRUE
Flan-T5-Base,Conceptual_Combinations,BBL,Unobserved,7,1,0.411764711,Logits,TRUE
Flan-T5-Base,Conceptual_Combinations,BBL,Unobserved,8,1,0.450980395,Logits,TRUE
Flan-T5-Base,Conceptual_Combinations,BBL,Unobserved,9,1,0.333333343,Logits,TRUE
Flan-T5-Base,Conceptual_Combinations,BBL,Unobserved,10,1,0.411764711,Logits,TRUE
Flan-T5-Base,Conceptual_Combinations,NIV2,QA,1,1,0.372549027,Logits,TRUE
Flan-T5-Base,Conceptual_Combinations,NIV2,QA,2,1,0.372549027,Logits,TRUE
Flan-T5-Base,Conceptual_Combinations,NIV2,QA,3,1,0.372549027,Logits,TRUE
Flan-T5-Base,Conceptual_Combinations,NIV2,QA,4,1,0.362745106,Logits,TRUE
Flan-T5-Base,Conceptual_Combinations,NIV2,QA,5,1,0.382352948,Logits,TRUE
Flan-T5-Base,Conceptual_Combinations,NIV2,QA,6,1,0.382352948,Logits,TRUE
Flan-T5-Base,Conceptual_Combinations,NIV2,QA,7,1,0.372549027,Logits,TRUE
Flan-T5-Base,Conceptual_Combinations,NIV2,QA,8,1,0.362745106,Logits,TRUE
Flan-T5-Base,Conceptual_Combinations,NIV2,QA,9,1,0.362745106,Logits,TRUE
Flan-T5-Base,Conceptual_Combinations,NIV2,QA,10,1,0.362745106,Logits,TRUE
Flan-T5-Base,Conceptual_Combinations,NIV2,QA,11,1,0.421568632,Logits,TRUE
Flan-T5-Base,Conceptual_Combinations,NIV2,QA,12,1,0.40196079,Logits,TRUE
Flan-T5-Base,Conceptual_Combinations,NIV2,QA,13,1,0.441176474,Logits,TRUE
Flan-T5-Base,Conceptual_Combinations,NIV2,QA,14,1,0.392156869,Logits,TRUE
Flan-T5-Base,Conceptual_Combinations,NIV2,QA,15,1,0.392156869,Logits,TRUE
Flan-T5-Base,Conceptual_Combinations,NIV2,QA,16,1,0.392156869,Logits,TRUE
Flan-T5-Base,Conceptual_Combinations,NIV2,QA,17,1,0.411764711,Logits,TRUE
Flan-T5-Base,Conceptual_Combinations,NIV2,QA,18,1,0.392156869,Logits,TRUE
Flan-T5-Base,Conceptual_Combinations,NIV2,QA,19,1,0.421568632,Logits,TRUE
Flan-T5-Base,Conceptual_Combinations,NIV2,QA,20,1,0.411764711,Logits,TRUE
Flan-T5-Base,Conceptual_Combinations,NIV2,QA,21,1,0.392156869,Logits,TRUE
Flan-T5-Base,Conceptual_Combinations,NIV2,QA,22,1,0.392156869,Logits,TRUE
Flan-T5-Base,Conceptual_Combinations,NIV2,QA,23,1,0.382352948,Logits,TRUE
Flan-T5-Base,Conceptual_Combinations,NIV2,QA,24,1,0.40196079,Logits,TRUE
Flan-T5-Base,Conceptual_Combinations,NIV2,QA,25,1,0.411764711,Logits,TRUE
Flan-T5-Base,Conceptual_Combinations,NIV2,QA,26,1,0.411764711,Logits,TRUE
Flan-T5-Base,Conceptual_Combinations,NIV2,QA,27,1,0.40196079,Logits,TRUE
Flan-T5-Base,Conceptual_Combinations,NIV2,QA,28,1,0.411764711,Logits,TRUE
Flan-T5-Base,Conceptual_Combinations,NIV2,QA,29,1,0.392156869,Logits,TRUE
Flan-T5-Base,Conceptual_Combinations,NIV2,QA,30,1,0.421568632,Logits,TRUE
Flan-T5-Base,Conceptual_Combinations,NIV2,QA,31,1,0.352941185,Logits,TRUE
Flan-T5-Base,Conceptual_Combinations,NIV2,QA,32,1,0.352941185,Logits,TRUE
Flan-T5-Base,Conceptual_Combinations,NIV2,QA,33,1,0.362745106,Logits,TRUE
Flan-T5-Base,Conceptual_Combinations,NIV2,QA,34,1,0.343137264,Logits,TRUE
Flan-T5-Base,Conceptual_Combinations,NIV2,QA,35,1,0.352941185,Logits,TRUE
Flan-T5-Base,Conceptual_Combinations,NIV2,QA,36,1,0.352941185,Logits,TRUE
Flan-T5-Base,Conceptual_Combinations,NIV2,QA,37,1,0.352941185,Logits,TRUE
Flan-T5-Base,Conceptual_Combinations,NIV2,QA,38,1,0.352941185,Logits,TRUE
Flan-T5-Base,Conceptual_Combinations,NIV2,QA,39,1,0.352941185,Logits,TRUE
Flan-T5-Base,Conceptual_Combinations,NIV2,QA,40,1,0.352941185,Logits,TRUE
Flan-T5-Base,Conceptual_Combinations,NIV2,QA,41,1,0.392156869,Logits,TRUE
Flan-T5-Base,Conceptual_Combinations,NIV2,QA,42,1,0.40196079,Logits,TRUE
Flan-T5-Base,Conceptual_Combinations,NIV2,QA,43,1,0.40196079,Logits,TRUE
Flan-T5-Base,Conceptual_Combinations,NIV2,QA,44,1,0.382352948,Logits,TRUE
Flan-T5-Base,Conceptual_Combinations,NIV2,QA,45,1,0.392156869,Logits,TRUE
Flan-T5-Base,Conceptual_Combinations,NIV2,QA,46,1,0.392156869,Logits,TRUE
Flan-T5-Base,Conceptual_Combinations,NIV2,QA,47,1,0.40196079,Logits,TRUE
Flan-T5-Base,Conceptual_Combinations,NIV2,QA,48,1,0.382352948,Logits,TRUE
Flan-T5-Base,Conceptual_Combinations,NIV2,QA,49,1,0.372549027,Logits,TRUE
Flan-T5-Base,Conceptual_Combinations,NIV2,QA,50,1,0.392156869,Logits,TRUE
Flan-T5-Base,Hindu_Knowledge,BBL,Default,1,1,0.333333343,Logits,TRUE
Flan-T5-Base,Hindu_Knowledge,BBL,Unobserved,1,1,0.206896558,Logits,TRUE
Flan-T5-Base,Hindu_Knowledge,BBL,Unobserved,2,1,0.206896558,Logits,TRUE
Flan-T5-Base,Hindu_Knowledge,BBL,Unobserved,3,1,0.241379306,Logits,TRUE
Flan-T5-Base,Hindu_Knowledge,BBL,Unobserved,4,1,0.201149419,Logits,TRUE
Flan-T5-Base,Hindu_Knowledge,BBL,Unobserved,5,1,0.201149419,Logits,TRUE
Flan-T5-Base,Hindu_Knowledge,BBL,Unobserved,6,1,0.160919547,Logits,TRUE
Flan-T5-Base,Hindu_Knowledge,BBL,Unobserved,7,1,0.293103456,Logits,TRUE
Flan-T5-Base,Hindu_Knowledge,BBL,Unobserved,8,1,0.212643683,Logits,TRUE
Flan-T5-Base,Hindu_Knowledge,BBL,Unobserved,9,1,0.160919547,Logits,TRUE
Flan-T5-Base,Hindu_Knowledge,BBL,Unobserved,10,1,0.316091955,Logits,TRUE
Flan-T5-Base,Hindu_Knowledge,NIV2,QA,1,1,0.310344815,Logits,TRUE
Flan-T5-Base,Hindu_Knowledge,NIV2,QA,2,1,0.310344815,Logits,TRUE
Flan-T5-Base,Hindu_Knowledge,NIV2,QA,3,1,0.281609207,Logits,TRUE
Flan-T5-Base,Hindu_Knowledge,NIV2,QA,4,1,0.287356317,Logits,TRUE
Flan-T5-Base,Hindu_Knowledge,NIV2,QA,5,1,0.310344815,Logits,TRUE
Flan-T5-Base,Hindu_Knowledge,NIV2,QA,6,1,0.310344815,Logits,TRUE
Flan-T5-Base,Hindu_Knowledge,NIV2,QA,7,1,0.293103456,Logits,TRUE
Flan-T5-Base,Hindu_Knowledge,NIV2,QA,8,1,0.321839094,Logits,TRUE
Flan-T5-Base,Hindu_Knowledge,NIV2,QA,9,1,0.293103456,Logits,TRUE
Flan-T5-Base,Hindu_Knowledge,NIV2,QA,10,1,0.293103456,Logits,TRUE
Flan-T5-Base,Hindu_Knowledge,NIV2,QA,11,1,0.37931034,Logits,TRUE
Flan-T5-Base,Hindu_Knowledge,NIV2,QA,12,1,0.362068951,Logits,TRUE
Flan-T5-Base,Hindu_Knowledge,NIV2,QA,13,1,0.362068951,Logits,TRUE
Flan-T5-Base,Hindu_Knowledge,NIV2,QA,14,1,0.356321841,Logits,TRUE
Flan-T5-Base,Hindu_Knowledge,NIV2,QA,15,1,0.37356323,Logits,TRUE
Flan-T5-Base,Hindu_Knowledge,NIV2,QA,16,1,0.37356323,Logits,TRUE
Flan-T5-Base,Hindu_Knowledge,NIV2,QA,17,1,0.362068951,Logits,TRUE
Flan-T5-Base,Hindu_Knowledge,NIV2,QA,18,1,0.37356323,Logits,TRUE
Flan-T5-Base,Hindu_Knowledge,NIV2,QA,19,1,0.367816091,Logits,TRUE
Flan-T5-Base,Hindu_Knowledge,NIV2,QA,20,1,0.356321841,Logits,TRUE
Flan-T5-Base,Hindu_Knowledge,NIV2,QA,21,1,0.316091955,Logits,TRUE
Flan-T5-Base,Hindu_Knowledge,NIV2,QA,22,1,0.298850566,Logits,TRUE
Flan-T5-Base,Hindu_Knowledge,NIV2,QA,23,1,0.298850566,Logits,TRUE
Flan-T5-Base,Hindu_Knowledge,NIV2,QA,24,1,0.298850566,Logits,TRUE
Flan-T5-Base,Hindu_Knowledge,NIV2,QA,25,1,0.304597706,Logits,TRUE
Flan-T5-Base,Hindu_Knowledge,NIV2,QA,26,1,0.304597706,Logits,TRUE
Flan-T5-Base,Hindu_Knowledge,NIV2,QA,27,1,0.298850566,Logits,TRUE
Flan-T5-Base,Hindu_Knowledge,NIV2,QA,28,1,0.327586204,Logits,TRUE
Flan-T5-Base,Hindu_Knowledge,NIV2,QA,29,1,0.316091955,Logits,TRUE
Flan-T5-Base,Hindu_Knowledge,NIV2,QA,30,1,0.293103456,Logits,TRUE
Flan-T5-Base,Hindu_Knowledge,NIV2,QA,31,1,0.281609207,Logits,TRUE
Flan-T5-Base,Hindu_Knowledge,NIV2,QA,32,1,0.270114928,Logits,TRUE
Flan-T5-Base,Hindu_Knowledge,NIV2,QA,33,1,0.293103456,Logits,TRUE
Flan-T5-Base,Hindu_Knowledge,NIV2,QA,34,1,0.281609207,Logits,TRUE
Flan-T5-Base,Hindu_Knowledge,NIV2,QA,35,1,0.293103456,Logits,TRUE
Flan-T5-Base,Hindu_Knowledge,NIV2,QA,36,1,0.293103456,Logits,TRUE
Flan-T5-Base,Hindu_Knowledge,NIV2,QA,37,1,0.275862068,Logits,TRUE
Flan-T5-Base,Hindu_Knowledge,NIV2,QA,38,1,0.281609207,Logits,TRUE
Flan-T5-Base,Hindu_Knowledge,NIV2,QA,39,1,0.281609207,Logits,TRUE
Flan-T5-Base,Hindu_Knowledge,NIV2,QA,40,1,0.287356317,Logits,TRUE
Flan-T5-Base,Hindu_Knowledge,NIV2,QA,41,1,0.275862068,Logits,TRUE
Flan-T5-Base,Hindu_Knowledge,NIV2,QA,42,1,0.281609207,Logits,TRUE
Flan-T5-Base,Hindu_Knowledge,NIV2,QA,43,1,0.270114928,Logits,TRUE
Flan-T5-Base,Hindu_Knowledge,NIV2,QA,44,1,0.258620679,Logits,TRUE
Flan-T5-Base,Hindu_Knowledge,NIV2,QA,45,1,0.264367819,Logits,TRUE
Flan-T5-Base,Hindu_Knowledge,NIV2,QA,46,1,0.264367819,Logits,TRUE
Flan-T5-Base,Hindu_Knowledge,NIV2,QA,47,1,0.258620679,Logits,TRUE
Flan-T5-Base,Hindu_Knowledge,NIV2,QA,48,1,0.270114928,Logits,TRUE
Flan-T5-Base,Hindu_Knowledge,NIV2,QA,49,1,0.275862068,Logits,TRUE
Flan-T5-Base,Hindu_Knowledge,NIV2,QA,50,1,0.258620679,Logits,TRUE
Flan-T5-Base,Known_Unknowns,BBL,Default,1,1,0.48888889,Logits,TRUE
Flan-T5-Base,Known_Unknowns,BBL,Unobserved,1,1,0.622222245,Logits,TRUE
Flan-T5-Base,Known_Unknowns,BBL,Unobserved,2,1,0.688888907,Logits,TRUE
Flan-T5-Base,Known_Unknowns,BBL,Unobserved,3,1,0.600000024,Logits,TRUE
Flan-T5-Base,Known_Unknowns,BBL,Unobserved,4,1,0.644444466,Logits,TRUE
Flan-T5-Base,Known_Unknowns,BBL,Unobserved,5,1,0.688888907,Logits,TRUE
Flan-T5-Base,Known_Unknowns,BBL,Unobserved,6,1,0.688888907,Logits,TRUE
Flan-T5-Base,Known_Unknowns,BBL,Unobserved,7,1,0.48888889,Logits,TRUE
Flan-T5-Base,Known_Unknowns,BBL,Unobserved,8,1,0.600000024,Logits,TRUE
Flan-T5-Base,Known_Unknowns,BBL,Unobserved,9,1,0.600000024,Logits,TRUE
Flan-T5-Base,Known_Unknowns,BBL,Unobserved,10,1,0.711111128,Logits,TRUE
Flan-T5-Base,Known_Unknowns,NIV2,QA,1,1,0.688888907,Logits,TRUE
Flan-T5-Base,Known_Unknowns,NIV2,QA,2,1,0.688888907,Logits,TRUE
Flan-T5-Base,Known_Unknowns,NIV2,QA,3,1,0.666666687,Logits,TRUE
Flan-T5-Base,Known_Unknowns,NIV2,QA,4,1,0.644444466,Logits,TRUE
Flan-T5-Base,Known_Unknowns,NIV2,QA,5,1,0.666666687,Logits,TRUE
Flan-T5-Base,Known_Unknowns,NIV2,QA,6,1,0.666666687,Logits,TRUE
Flan-T5-Base,Known_Unknowns,NIV2,QA,7,1,0.644444466,Logits,TRUE
Flan-T5-Base,Known_Unknowns,NIV2,QA,8,1,0.688888907,Logits,TRUE
Flan-T5-Base,Known_Unknowns,NIV2,QA,9,1,0.688888907,Logits,TRUE
Flan-T5-Base,Known_Unknowns,NIV2,QA,10,1,0.688888907,Logits,TRUE
Flan-T5-Base,Known_Unknowns,NIV2,QA,11,1,0.51111114,Logits,TRUE
Flan-T5-Base,Known_Unknowns,NIV2,QA,12,1,0.51111114,Logits,TRUE
Flan-T5-Base,Known_Unknowns,NIV2,QA,13,1,0.533333361,Logits,TRUE
Flan-T5-Base,Known_Unknowns,NIV2,QA,14,1,0.51111114,Logits,TRUE
Flan-T5-Base,Known_Unknowns,NIV2,QA,15,1,0.51111114,Logits,TRUE
Flan-T5-Base,Known_Unknowns,NIV2,QA,16,1,0.51111114,Logits,TRUE
Flan-T5-Base,Known_Unknowns,NIV2,QA,17,1,0.51111114,Logits,TRUE
Flan-T5-Base,Known_Unknowns,NIV2,QA,18,1,0.51111114,Logits,TRUE
Flan-T5-Base,Known_Unknowns,NIV2,QA,19,1,0.51111114,Logits,TRUE
Flan-T5-Base,Known_Unknowns,NIV2,QA,20,1,0.51111114,Logits,TRUE
Flan-T5-Base,Known_Unknowns,NIV2,QA,21,1,0.75555557,Logits,TRUE
Flan-T5-Base,Known_Unknowns,NIV2,QA,22,1,0.75555557,Logits,TRUE
Flan-T5-Base,Known_Unknowns,NIV2,QA,23,1,0.711111128,Logits,TRUE
Flan-T5-Base,Known_Unknowns,NIV2,QA,24,1,0.75555557,Logits,TRUE
Flan-T5-Base,Known_Unknowns,NIV2,QA,25,1,0.711111128,Logits,TRUE
Flan-T5-Base,Known_Unknowns,NIV2,QA,26,1,0.711111128,Logits,TRUE
Flan-T5-Base,Known_Unknowns,NIV2,QA,27,1,0.733333349,Logits,TRUE
Flan-T5-Base,Known_Unknowns,NIV2,QA,28,1,0.733333349,Logits,TRUE
Flan-T5-Base,Known_Unknowns,NIV2,QA,29,1,0.733333349,Logits,TRUE
Flan-T5-Base,Known_Unknowns,NIV2,QA,30,1,0.733333349,Logits,TRUE
Flan-T5-Base,Known_Unknowns,NIV2,QA,31,1,0.733333349,Logits,TRUE
Flan-T5-Base,Known_Unknowns,NIV2,QA,32,1,0.711111128,Logits,TRUE
Flan-T5-Base,Known_Unknowns,NIV2,QA,33,1,0.733333349,Logits,TRUE
Flan-T5-Base,Known_Unknowns,NIV2,QA,34,1,0.711111128,Logits,TRUE
Flan-T5-Base,Known_Unknowns,NIV2,QA,35,1,0.733333349,Logits,TRUE
Flan-T5-Base,Known_Unknowns,NIV2,QA,36,1,0.733333349,Logits,TRUE
Flan-T5-Base,Known_Unknowns,NIV2,QA,37,1,0.733333349,Logits,TRUE
Flan-T5-Base,Known_Unknowns,NIV2,QA,38,1,0.733333349,Logits,TRUE
Flan-T5-Base,Known_Unknowns,NIV2,QA,39,1,0.733333349,Logits,TRUE
Flan-T5-Base,Known_Unknowns,NIV2,QA,40,1,0.733333349,Logits,TRUE
Flan-T5-Base,Known_Unknowns,NIV2,QA,41,1,0.688888907,Logits,TRUE
Flan-T5-Base,Known_Unknowns,NIV2,QA,42,1,0.666666687,Logits,TRUE
Flan-T5-Base,Known_Unknowns,NIV2,QA,43,1,0.711111128,Logits,TRUE
Flan-T5-Base,Known_Unknowns,NIV2,QA,44,1,0.666666687,Logits,TRUE
Flan-T5-Base,Known_Unknowns,NIV2,QA,45,1,0.711111128,Logits,TRUE
Flan-T5-Base,Known_Unknowns,NIV2,QA,46,1,0.711111128,Logits,TRUE
Flan-T5-Base,Known_Unknowns,NIV2,QA,47,1,0.711111128,Logits,TRUE
Flan-T5-Base,Known_Unknowns,NIV2,QA,48,1,0.688888907,Logits,TRUE
Flan-T5-Base,Known_Unknowns,NIV2,QA,49,1,0.711111128,Logits,TRUE
Flan-T5-Base,Known_Unknowns,NIV2,QA,50,1,0.688888907,Logits,TRUE
Flan-T5-Base,Language_Identification,BBL,Default,1,1,0.106210619,Logits,TRUE
Flan-T5-Base,Language_Identification,BBL,Unobserved,1,1,0.117111713,Logits,TRUE
Flan-T5-Base,Language_Identification,BBL,Unobserved,2,1,0.103110313,Logits,TRUE
Flan-T5-Base,Language_Identification,BBL,Unobserved,3,1,0.124112412,Logits,TRUE
Flan-T5-Base,Language_Identification,BBL,Unobserved,4,1,0.132313237,Logits,TRUE
Flan-T5-Base,Language_Identification,BBL,Unobserved,5,1,0.109510951,Logits,TRUE
Flan-T5-Base,Language_Identification,BBL,Unobserved,6,1,0.131813183,Logits,TRUE
Flan-T5-Base,Language_Identification,BBL,Unobserved,7,1,0.132913291,Logits,TRUE
Flan-T5-Base,Language_Identification,BBL,Unobserved,8,1,0.089908987,Logits,TRUE
Flan-T5-Base,Language_Identification,FLAN,Classification,1,1,0.108610861,Logits,TRUE
Flan-T5-Base,Language_Identification,FLAN,Classification,2,1,0.132113218,Logits,TRUE
Flan-T5-Base,Language_Identification,FLAN,Classification,3,1,0.152115211,Logits,TRUE
Flan-T5-Base,Language_Identification,FLAN,Classification,4,1,0.144514456,Logits,TRUE
Flan-T5-Base,Language_Identification,FLAN,Classification,5,1,0.129312932,Logits,TRUE
Flan-T5-Base,Language_Identification,FLAN,Classification,6,1,0.134513453,Logits,TRUE
Flan-T5-Base,Language_Identification,FLAN,Classification,7,1,0.121712171,Logits,TRUE
Flan-T5-Base,Language_Identification,FLAN,Classification,8,1,0.107410744,Logits,TRUE
Flan-T5-Base,Language_Identification,FLAN,Classification,9,1,0.107310735,Logits,TRUE
Flan-T5-Base,Language_Identification,FLAN,Classification,10,1,0.122812279,Logits,TRUE
Flan-T5-Base,Language_Identification,FLAN,Classification,11,1,0.096109614,Logits,TRUE
Flan-T5-Base,Language_Identification,FLAN,Classification,12,1,0.088808879,Logits,TRUE
Flan-T5-Base,Language_Identification,FLAN,Classification,13,1,0.145714566,Logits,TRUE
Flan-T5-Base,Language_Identification,FLAN,Classification,14,1,0.132113218,Logits,TRUE
Flan-T5-Base,Language_Identification,FLAN,Classification,15,1,0.138813883,Logits,TRUE
Flan-T5-Base,Language_Identification,NIV2,Classification,1,1,0.10791079,Logits,TRUE
Flan-T5-Base,Language_Identification,NIV2,Classification,2,1,0.11921192,Logits,TRUE
Flan-T5-Base,Language_Identification,NIV2,Classification,3,1,0.120312028,Logits,TRUE
Flan-T5-Base,Language_Identification,NIV2,Classification,4,1,0.124612458,Logits,TRUE
Flan-T5-Base,Language_Identification,NIV2,Classification,5,1,0.12181218,Logits,TRUE
Flan-T5-Base,Language_Identification,NIV2,Classification,6,1,0.12181218,Logits,TRUE
Flan-T5-Base,Language_Identification,NIV2,Classification,7,1,0.125412539,Logits,TRUE
Flan-T5-Base,Language_Identification,NIV2,Classification,8,1,0.12521252,Logits,TRUE
Flan-T5-Base,Language_Identification,NIV2,Classification,9,1,0.125712574,Logits,TRUE
Flan-T5-Base,Language_Identification,NIV2,Classification,10,1,0.12611261,Logits,TRUE
Flan-T5-Base,Language_Identification,NIV2,Classification,11,1,0.11651165,Logits,TRUE
Flan-T5-Base,Language_Identification,NIV2,Classification,12,1,0.115911588,Logits,TRUE
Flan-T5-Base,Language_Identification,NIV2,Classification,13,1,0.117611758,Logits,TRUE
Flan-T5-Base,Language_Identification,NIV2,Classification,14,1,0.119311929,Logits,TRUE
Flan-T5-Base,Language_Identification,NIV2,Classification,15,1,0.11651165,Logits,TRUE
Flan-T5-Base,Language_Identification,NIV2,Classification,16,1,0.11651165,Logits,TRUE
Flan-T5-Base,Language_Identification,NIV2,Classification,17,1,0.118711874,Logits,TRUE
Flan-T5-Base,Language_Identification,NIV2,Classification,18,1,0.118711874,Logits,TRUE
Flan-T5-Base,Language_Identification,NIV2,Classification,19,1,0.118511848,Logits,TRUE
Flan-T5-Base,Language_Identification,NIV2,Classification,20,1,0.115011498,Logits,TRUE
Flan-T5-Base,Language_Identification,NIV2,Classification,31,1,0.180818081,Logits,TRUE
Flan-T5-Base,Language_Identification,NIV2,Classification,32,1,0.180918097,Logits,TRUE
Flan-T5-Base,Language_Identification,NIV2,Classification,33,1,0.187218726,Logits,TRUE
Flan-T5-Base,Language_Identification,NIV2,Classification,34,1,0.185818583,Logits,TRUE
Flan-T5-Base,Language_Identification,NIV2,Classification,35,1,0.180518046,Logits,TRUE
Flan-T5-Base,Language_Identification,NIV2,Classification,36,1,0.180518046,Logits,TRUE
Flan-T5-Base,Language_Identification,NIV2,Classification,37,1,0.185618564,Logits,TRUE
Flan-T5-Base,Language_Identification,NIV2,Classification,38,1,0.182318226,Logits,TRUE
Flan-T5-Base,Language_Identification,NIV2,Classification,39,1,0.183718368,Logits,TRUE
Flan-T5-Base,Language_Identification,NIV2,Classification,40,1,0.183618367,Logits,TRUE
Flan-T5-Base,Logical_Deduction,BBL,Default,1,1,0.2004008,Logits,TRUE
Flan-T5-Base,Logical_Deduction,BBL,Unobserved,1,1,0.284569144,Logits,TRUE
Flan-T5-Base,Logical_Deduction,BBL,Unobserved,2,1,0.274549097,Logits,TRUE
Flan-T5-Base,Logical_Deduction,BBL,Unobserved,3,1,0.274549097,Logits,TRUE
Flan-T5-Base,Logical_Deduction,BBL,Unobserved,4,1,0.282565117,Logits,TRUE
Flan-T5-Base,Logical_Deduction,BBL,Unobserved,5,1,0.322645277,Logits,TRUE
Flan-T5-Base,Logical_Deduction,BBL,Unobserved,6,1,0.256513029,Logits,TRUE
Flan-T5-Base,Logical_Deduction,BBL,Unobserved,7,1,0.290581167,Logits,TRUE
Flan-T5-Base,Logical_Deduction,BBL,Unobserved,8,1,0.280561119,Logits,TRUE
Flan-T5-Base,Logical_Deduction,BBL,Unobserved,9,1,0.280561119,Logits,TRUE
Flan-T5-Base,Logical_Deduction,BBL,Unobserved,10,1,0.324649304,Logits,TRUE
Flan-T5-Base,Logical_Deduction,NIV2,QA,1,1,0.248496994,Logits,TRUE
Flan-T5-Base,Logical_Deduction,NIV2,QA,2,1,0.264529049,Logits,TRUE
Flan-T5-Base,Logical_Deduction,NIV2,QA,3,1,0.272545099,Logits,TRUE
Flan-T5-Base,Logical_Deduction,NIV2,QA,4,1,0.272545099,Logits,TRUE
Flan-T5-Base,Logical_Deduction,NIV2,QA,5,1,0.264529049,Logits,TRUE
Flan-T5-Base,Logical_Deduction,NIV2,QA,6,1,0.264529049,Logits,TRUE
Flan-T5-Base,Logical_Deduction,NIV2,QA,7,1,0.266533077,Logits,TRUE
Flan-T5-Base,Logical_Deduction,NIV2,QA,8,1,0.276553094,Logits,TRUE
Flan-T5-Base,Logical_Deduction,NIV2,QA,9,1,0.264529049,Logits,TRUE
Flan-T5-Base,Logical_Deduction,NIV2,QA,10,1,0.268537074,Logits,TRUE
Flan-T5-Base,Logical_Deduction,NIV2,QA,11,1,0.274549097,Logits,TRUE
Flan-T5-Base,Logical_Deduction,NIV2,QA,12,1,0.278557122,Logits,TRUE
Flan-T5-Base,Logical_Deduction,NIV2,QA,13,1,0.288577169,Logits,TRUE
Flan-T5-Base,Logical_Deduction,NIV2,QA,14,1,0.280561119,Logits,TRUE
Flan-T5-Base,Logical_Deduction,NIV2,QA,15,1,0.280561119,Logits,TRUE
Flan-T5-Base,Logical_Deduction,NIV2,QA,16,1,0.280561119,Logits,TRUE
Flan-T5-Base,Logical_Deduction,NIV2,QA,17,1,0.278557122,Logits,TRUE
Flan-T5-Base,Logical_Deduction,NIV2,QA,18,1,0.286573142,Logits,TRUE
Flan-T5-Base,Logical_Deduction,NIV2,QA,19,1,0.276553094,Logits,TRUE
Flan-T5-Base,Logical_Deduction,NIV2,QA,20,1,0.278557122,Logits,TRUE
Flan-T5-Base,Logical_Deduction,NIV2,QA,21,1,0.248496994,Logits,TRUE
Flan-T5-Base,Logical_Deduction,NIV2,QA,22,1,0.254509032,Logits,TRUE
Flan-T5-Base,Logical_Deduction,NIV2,QA,23,1,0.252505004,Logits,TRUE
Flan-T5-Base,Logical_Deduction,NIV2,QA,24,1,0.260521054,Logits,TRUE
Flan-T5-Base,Logical_Deduction,NIV2,QA,25,1,0.250501007,Logits,TRUE
Flan-T5-Base,Logical_Deduction,NIV2,QA,26,1,0.250501007,Logits,TRUE
Flan-T5-Base,Logical_Deduction,NIV2,QA,27,1,0.250501007,Logits,TRUE
Flan-T5-Base,Logical_Deduction,NIV2,QA,28,1,0.258517027,Logits,TRUE
Flan-T5-Base,Logical_Deduction,NIV2,QA,29,1,0.256513029,Logits,TRUE
Flan-T5-Base,Logical_Deduction,NIV2,QA,30,1,0.260521054,Logits,TRUE
Flan-T5-Base,Logical_Deduction,NIV2,QA,31,1,0.260521054,Logits,TRUE
Flan-T5-Base,Logical_Deduction,NIV2,QA,32,1,0.266533077,Logits,TRUE
Flan-T5-Base,Logical_Deduction,NIV2,QA,33,1,0.266533077,Logits,TRUE
Flan-T5-Base,Logical_Deduction,NIV2,QA,34,1,0.268537074,Logits,TRUE
Flan-T5-Base,Logical_Deduction,NIV2,QA,35,1,0.268537074,Logits,TRUE
Flan-T5-Base,Logical_Deduction,NIV2,QA,36,1,0.268537074,Logits,TRUE
Flan-T5-Base,Logical_Deduction,NIV2,QA,37,1,0.266533077,Logits,TRUE
Flan-T5-Base,Logical_Deduction,NIV2,QA,38,1,0.264529049,Logits,TRUE
Flan-T5-Base,Logical_Deduction,NIV2,QA,39,1,0.262525052,Logits,TRUE
Flan-T5-Base,Logical_Deduction,NIV2,QA,40,1,0.272545099,Logits,TRUE
Flan-T5-Base,Logical_Deduction,NIV2,QA,41,1,0.268537074,Logits,TRUE
Flan-T5-Base,Logical_Deduction,NIV2,QA,42,1,0.272545099,Logits,TRUE
Flan-T5-Base,Logical_Deduction,NIV2,QA,43,1,0.276553094,Logits,TRUE
Flan-T5-Base,Logical_Deduction,NIV2,QA,44,1,0.276553094,Logits,TRUE
Flan-T5-Base,Logical_Deduction,NIV2,QA,45,1,0.276553094,Logits,TRUE
Flan-T5-Base,Logical_Deduction,NIV2,QA,46,1,0.276553094,Logits,TRUE
Flan-T5-Base,Logical_Deduction,NIV2,QA,47,1,0.274549097,Logits,TRUE
Flan-T5-Base,Logical_Deduction,NIV2,QA,48,1,0.276553094,Logits,TRUE
Flan-T5-Base,Logical_Deduction,NIV2,QA,49,1,0.276553094,Logits,TRUE
Flan-T5-Base,Logical_Deduction,NIV2,QA,50,1,0.272545099,Logits,TRUE
Flan-T5-Base,Novel_Concepts,BBL,Default,1,1,0.258064508,Logits,TRUE
Flan-T5-Base,Novel_Concepts,BBL,Unobserved,1,1,0.032258064,Logits,TRUE
Flan-T5-Base,Novel_Concepts,BBL,Unobserved,2,1,0.096774191,Logits,TRUE
Flan-T5-Base,Novel_Concepts,BBL,Unobserved,3,1,0.129032254,Logits,TRUE
Flan-T5-Base,Novel_Concepts,BBL,Unobserved,4,1,0.064516127,Logits,TRUE
Flan-T5-Base,Novel_Concepts,BBL,Unobserved,5,1,0.129032254,Logits,TRUE
Flan-T5-Base,Novel_Concepts,BBL,Unobserved,6,1,0.258064508,Logits,TRUE
Flan-T5-Base,Novel_Concepts,BBL,Unobserved,7,1,0.064516127,Logits,TRUE
Flan-T5-Base,Novel_Concepts,BBL,Unobserved,8,1,0.258064508,Logits,TRUE
Flan-T5-Base,Novel_Concepts,BBL,Unobserved,9,1,0.129032254,Logits,TRUE
Flan-T5-Base,Novel_Concepts,BBL,Unobserved,10,1,0.064516127,Logits,TRUE
Flan-T5-Base,Novel_Concepts,NIV2,QA,1,1,0.129032254,Logits,TRUE
Flan-T5-Base,Novel_Concepts,NIV2,QA,2,1,0.096774191,Logits,TRUE
Flan-T5-Base,Novel_Concepts,NIV2,QA,3,1,0.096774191,Logits,TRUE
Flan-T5-Base,Novel_Concepts,NIV2,QA,4,1,0.096774191,Logits,TRUE
Flan-T5-Base,Novel_Concepts,NIV2,QA,5,1,0.096774191,Logits,TRUE
Flan-T5-Base,Novel_Concepts,NIV2,QA,6,1,0.096774191,Logits,TRUE
Flan-T5-Base,Novel_Concepts,NIV2,QA,7,1,0.129032254,Logits,TRUE
Flan-T5-Base,Novel_Concepts,NIV2,QA,8,1,0.096774191,Logits,TRUE
Flan-T5-Base,Novel_Concepts,NIV2,QA,9,1,0.096774191,Logits,TRUE
Flan-T5-Base,Novel_Concepts,NIV2,QA,10,1,0.096774191,Logits,TRUE
Flan-T5-Base,Novel_Concepts,NIV2,QA,11,1,0.225806445,Logits,TRUE
Flan-T5-Base,Novel_Concepts,NIV2,QA,12,1,0.258064508,Logits,TRUE
Flan-T5-Base,Novel_Concepts,NIV2,QA,13,1,0.225806445,Logits,TRUE
Flan-T5-Base,Novel_Concepts,NIV2,QA,14,1,0.225806445,Logits,TRUE
Flan-T5-Base,Novel_Concepts,NIV2,QA,15,1,0.193548381,Logits,TRUE
Flan-T5-Base,Novel_Concepts,NIV2,QA,16,1,0.193548381,Logits,TRUE
Flan-T5-Base,Novel_Concepts,NIV2,QA,17,1,0.225806445,Logits,TRUE
Flan-T5-Base,Novel_Concepts,NIV2,QA,18,1,0.290322572,Logits,TRUE
Flan-T5-Base,Novel_Concepts,NIV2,QA,19,1,0.193548381,Logits,TRUE
Flan-T5-Base,Novel_Concepts,NIV2,QA,20,1,0.193548381,Logits,TRUE
Flan-T5-Base,Novel_Concepts,NIV2,QA,21,1,0.161290318,Logits,TRUE
Flan-T5-Base,Novel_Concepts,NIV2,QA,22,1,0.161290318,Logits,TRUE
Flan-T5-Base,Novel_Concepts,NIV2,QA,23,1,0.161290318,Logits,TRUE
Flan-T5-Base,Novel_Concepts,NIV2,QA,24,1,0.161290318,Logits,TRUE
Flan-T5-Base,Novel_Concepts,NIV2,QA,25,1,0.129032254,Logits,TRUE
Flan-T5-Base,Novel_Concepts,NIV2,QA,26,1,0.129032254,Logits,TRUE
Flan-T5-Base,Novel_Concepts,NIV2,QA,27,1,0.161290318,Logits,TRUE
Flan-T5-Base,Novel_Concepts,NIV2,QA,28,1,0.161290318,Logits,TRUE
Flan-T5-Base,Novel_Concepts,NIV2,QA,29,1,0.161290318,Logits,TRUE
Flan-T5-Base,Novel_Concepts,NIV2,QA,30,1,0.161290318,Logits,TRUE
Flan-T5-Base,Novel_Concepts,NIV2,QA,31,1,0.096774191,Logits,TRUE
Flan-T5-Base,Novel_Concepts,NIV2,QA,32,1,0.129032254,Logits,TRUE
Flan-T5-Base,Novel_Concepts,NIV2,QA,33,1,0.129032254,Logits,TRUE
Flan-T5-Base,Novel_Concepts,NIV2,QA,34,1,0.096774191,Logits,TRUE
Flan-T5-Base,Novel_Concepts,NIV2,QA,35,1,0.096774191,Logits,TRUE
Flan-T5-Base,Novel_Concepts,NIV2,QA,36,1,0.096774191,Logits,TRUE
Flan-T5-Base,Novel_Concepts,NIV2,QA,37,1,0.096774191,Logits,TRUE
Flan-T5-Base,Novel_Concepts,NIV2,QA,38,1,0.096774191,Logits,TRUE
Flan-T5-Base,Novel_Concepts,NIV2,QA,39,1,0.129032254,Logits,TRUE
Flan-T5-Base,Novel_Concepts,NIV2,QA,40,1,0.096774191,Logits,TRUE
Flan-T5-Base,Novel_Concepts,NIV2,QA,41,1,0.193548381,Logits,TRUE
Flan-T5-Base,Novel_Concepts,NIV2,QA,42,1,0.193548381,Logits,TRUE
Flan-T5-Base,Novel_Concepts,NIV2,QA,43,1,0.193548381,Logits,TRUE
Flan-T5-Base,Novel_Concepts,NIV2,QA,44,1,0.129032254,Logits,TRUE
Flan-T5-Base,Novel_Concepts,NIV2,QA,45,1,0.161290318,Logits,TRUE
Flan-T5-Base,Novel_Concepts,NIV2,QA,46,1,0.161290318,Logits,TRUE
Flan-T5-Base,Novel_Concepts,NIV2,QA,47,1,0.129032254,Logits,TRUE
Flan-T5-Base,Novel_Concepts,NIV2,QA,48,1,0.129032254,Logits,TRUE
Flan-T5-Base,Novel_Concepts,NIV2,QA,49,1,0.161290318,Logits,TRUE
Flan-T5-Base,Novel_Concepts,NIV2,QA,50,1,0.096774191,Logits,TRUE
Flan-T5-Base,Play_Dialog,BBL,Default,1,1,0.60864234,Logits,TRUE
Flan-T5-Base,Play_Dialog,BBL,Unobserved,1,1,0.566043496,Logits,TRUE
Flan-T5-Base,Play_Dialog,BBL,Unobserved,2,1,0.38584125,Logits,TRUE
Flan-T5-Base,Play_Dialog,BBL,Unobserved,3,1,0.559914172,Logits,TRUE
Flan-T5-Base,Play_Dialog,BBL,Unobserved,4,1,0.625804484,Logits,TRUE
Flan-T5-Base,Play_Dialog,BBL,Unobserved,5,1,0.621207476,Logits,TRUE
Flan-T5-Base,Play_Dialog,BBL,Unobserved,6,1,0.373889059,Logits,TRUE
Flan-T5-Base,Play_Dialog,BBL,Unobserved,7,1,0.623352766,Logits,TRUE
Flan-T5-Base,Play_Dialog,BBL,Unobserved,8,1,0.596690178,Logits,TRUE
Flan-T5-Base,Play_Dialog,BBL,Unobserved,9,1,0.433956474,Logits,TRUE
Flan-T5-Base,Play_Dialog,BBL,Unobserved,10,1,0.380937785,Logits,TRUE
Flan-T5-Base,Play_Dialog,FLAN,BC,1,1,0.382163644,Logits,TRUE
Flan-T5-Base,Play_Dialog,FLAN,BC,2,1,0.43548882,Logits,TRUE
Flan-T5-Base,Play_Dialog,FLAN,BC,3,1,0.467054844,Logits,TRUE
Flan-T5-Base,Play_Dialog,FLAN,BC,4,1,0.397793442,Logits,TRUE
Flan-T5-Base,Play_Dialog,FLAN,BC,5,1,0.59423846,Logits,TRUE
Flan-T5-Base,Play_Dialog,FLAN,BC,6,1,0.391051173,Logits,TRUE
Flan-T5-Base,Play_Dialog,FLAN,BC,7,1,0.469200134,Logits,TRUE
Flan-T5-Base,Play_Dialog,FLAN,BC,8,1,0.405455112,Logits,TRUE
Flan-T5-Base,Play_Dialog,NIV2,BC,1,1,0.611094058,Logits,TRUE
Flan-T5-Base,Play_Dialog,NIV2,BC,2,1,0.627949715,Logits,TRUE
Flan-T5-Base,Play_Dialog,NIV2,BC,3,1,0.616610467,Logits,TRUE
Flan-T5-Base,Play_Dialog,NIV2,BC,4,1,0.6273368,Logits,TRUE
Flan-T5-Base,Play_Dialog,NIV2,BC,5,1,0.623965681,Logits,TRUE
Flan-T5-Base,Play_Dialog,NIV2,BC,6,1,0.623965681,Logits,TRUE
Flan-T5-Base,Play_Dialog,NIV2,BC,7,1,0.627949715,Logits,TRUE
Flan-T5-Base,Play_Dialog,NIV2,BC,8,1,0.626110911,Logits,TRUE
Flan-T5-Base,Play_Dialog,NIV2,BC,9,1,0.628869116,Logits,TRUE
Flan-T5-Base,Play_Dialog,NIV2,BC,10,1,0.627030313,Logits,TRUE
Flan-T5-Base,Strange_Stories,BBL,Default,1,1,0.615384638,Logits,TRUE
Flan-T5-Base,Strange_Stories,BBL,Unobserved,1,1,0.365384609,Logits,TRUE
Flan-T5-Base,Strange_Stories,BBL,Unobserved,2,1,0.365384609,Logits,TRUE
Flan-T5-Base,Strange_Stories,BBL,Unobserved,3,1,0.326923072,Logits,TRUE
Flan-T5-Base,Strange_Stories,BBL,Unobserved,4,1,0.384615391,Logits,TRUE
Flan-T5-Base,Strange_Stories,BBL,Unobserved,5,1,0.288461536,Logits,TRUE
Flan-T5-Base,Strange_Stories,BBL,Unobserved,6,1,0.365384609,Logits,TRUE
Flan-T5-Base,Strange_Stories,BBL,Unobserved,7,1,0.365384609,Logits,TRUE
Flan-T5-Base,Strange_Stories,BBL,Unobserved,8,1,0.346153855,Logits,TRUE
Flan-T5-Base,Strange_Stories,BBL,Unobserved,9,1,0.423076928,Logits,TRUE
Flan-T5-Base,Strange_Stories,BBL,Unobserved,10,1,0.326923072,Logits,TRUE
Flan-T5-Base,Strange_Stories,FLAN,BC,1,1,0.403846145,Logits,TRUE
Flan-T5-Base,Strange_Stories,FLAN,BC,2,1,0.442307681,Logits,TRUE
Flan-T5-Base,Strange_Stories,FLAN,BC,3,1,0.403846145,Logits,TRUE
Flan-T5-Base,Strange_Stories,FLAN,BC,4,1,0.365384609,Logits,TRUE
Flan-T5-Base,Strange_Stories,FLAN,BC,5,1,0.384615391,Logits,TRUE
Flan-T5-Base,Strange_Stories,FLAN,BC,6,1,0.403846145,Logits,TRUE
Flan-T5-Base,Strange_Stories,FLAN,BC,7,1,0.384615391,Logits,TRUE
Flan-T5-Base,Strange_Stories,FLAN,BC,8,1,0.423076928,Logits,TRUE
Flan-T5-Base,Strange_Stories,NIV2,BC,1,1,0.423076928,Logits,TRUE
Flan-T5-Base,Strange_Stories,NIV2,BC,2,1,0.423076928,Logits,TRUE
Flan-T5-Base,Strange_Stories,NIV2,BC,3,1,0.442307681,Logits,TRUE
Flan-T5-Base,Strange_Stories,NIV2,BC,4,1,0.423076928,Logits,TRUE
Flan-T5-Base,Strange_Stories,NIV2,BC,5,1,0.423076928,Logits,TRUE
Flan-T5-Base,Strange_Stories,NIV2,BC,6,1,0.423076928,Logits,TRUE
Flan-T5-Base,Strange_Stories,NIV2,BC,7,1,0.442307681,Logits,TRUE
Flan-T5-Base,Strange_Stories,NIV2,BC,8,1,0.442307681,Logits,TRUE
Flan-T5-Base,Strange_Stories,NIV2,BC,9,1,0.442307681,Logits,TRUE
Flan-T5-Base,Strange_Stories,NIV2,BC,10,1,0.423076928,Logits,TRUE
Flan-T5-Base,StrategyQA,BBL,Default,1,1,0.527741373,Logits,TRUE
Flan-T5-Base,StrategyQA,BBL,Unobserved,1,1,0.53691566,Logits,TRUE
Flan-T5-Base,StrategyQA,BBL,Unobserved,2,1,0.532110095,Logits,TRUE
Flan-T5-Base,StrategyQA,BBL,Unobserved,3,1,0.542595029,Logits,TRUE
Flan-T5-Base,StrategyQA,BBL,Unobserved,4,1,0.530362606,Logits,TRUE
Flan-T5-Base,StrategyQA,BBL,Unobserved,5,1,0.515945852,Logits,TRUE
Flan-T5-Base,StrategyQA,BBL,Unobserved,6,1,0.54084754,Logits,TRUE
Flan-T5-Base,StrategyQA,BBL,Unobserved,7,1,0.539973795,Logits,TRUE
Flan-T5-Base,StrategyQA,BBL,Unobserved,8,1,0.541284382,Logits,TRUE
Flan-T5-Base,StrategyQA,BBL,Unobserved,9,1,0.532546937,Logits,TRUE
Flan-T5-Base,StrategyQA,BBL,Unobserved,10,1,0.52905196,Logits,TRUE
Flan-T5-Base,StrategyQA,FLAN,BC,1,1,0.53298384,Logits,TRUE
Flan-T5-Base,StrategyQA,FLAN,BC,2,1,0.511140227,Logits,TRUE
Flan-T5-Base,StrategyQA,FLAN,BC,3,1,0.520751417,Logits,TRUE
Flan-T5-Base,StrategyQA,FLAN,BC,4,1,0.503713429,Logits,TRUE
Flan-T5-Base,StrategyQA,FLAN,BC,5,1,0.543031871,Logits,TRUE
Flan-T5-Base,StrategyQA,FLAN,BC,6,1,0.530799448,Logits,TRUE
Flan-T5-Base,StrategyQA,FLAN,BC,7,1,0.534294426,Logits,TRUE
Flan-T5-Base,StrategyQA,FLAN,BC,8,1,0.519003928,Logits,TRUE
Flan-T5-Base,StrategyQA,NIV2,BC,1,1,0.467453033,Logits,TRUE
Flan-T5-Base,StrategyQA,NIV2,BC,2,1,0.470511138,Logits,TRUE
Flan-T5-Base,StrategyQA,NIV2,BC,3,1,0.461336821,Logits,TRUE
Flan-T5-Base,StrategyQA,NIV2,BC,4,1,0.467889905,Logits,TRUE
Flan-T5-Base,StrategyQA,NIV2,BC,5,1,0.467453033,Logits,TRUE
Flan-T5-Base,StrategyQA,NIV2,BC,6,1,0.467453033,Logits,TRUE
Flan-T5-Base,StrategyQA,NIV2,BC,7,1,0.464394927,Logits,TRUE
Flan-T5-Base,StrategyQA,NIV2,BC,8,1,0.460463077,Logits,TRUE
Flan-T5-Base,StrategyQA,NIV2,BC,9,1,0.464394927,Logits,TRUE
Flan-T5-Base,StrategyQA,NIV2,BC,10,1,0.470511138,Logits,TRUE
Flan-T5-Base,Vitaminc_Fact_Verification,BBL,Default,1,1,0.668447137,Logits,TRUE
Flan-T5-Base,Vitaminc_Fact_Verification,BBL,Unobserved,1,1,0.643788755,Logits,TRUE
Flan-T5-Base,Vitaminc_Fact_Verification,BBL,Unobserved,2,1,0.606234133,Logits,TRUE
Flan-T5-Base,Vitaminc_Fact_Verification,BBL,Unobserved,3,1,0.639069259,Logits,TRUE
Flan-T5-Base,Vitaminc_Fact_Verification,BBL,Unobserved,4,1,0.656136215,Logits,TRUE
Flan-T5-Base,Vitaminc_Fact_Verification,BBL,Unobserved,5,1,0.665648401,Logits,TRUE
Flan-T5-Base,Vitaminc_Fact_Verification,BBL,Unobserved,6,1,0.65331918,Logits,TRUE
Flan-T5-Base,Vitaminc_Fact_Verification,BBL,Unobserved,7,1,0.650502145,Logits,TRUE
Flan-T5-Base,Vitaminc_Fact_Verification,BBL,Unobserved,8,1,0.644428968,Logits,TRUE
Flan-T5-Base,Vitaminc_Fact_Verification,BBL,Unobserved,9,1,0.628880322,Logits,TRUE
Flan-T5-Base,Vitaminc_Fact_Verification,BBL,Unobserved,10,1,0.650776505,Logits,TRUE
Flan-T5-Base,Vitaminc_Fact_Verification,FLAN,Classification,1,1,0.664934993,Logits,TRUE
Flan-T5-Base,Vitaminc_Fact_Verification,FLAN,Classification,2,1,0.6823861,Logits,TRUE
Flan-T5-Base,Vitaminc_Fact_Verification,FLAN,Classification,3,1,0.674227595,Logits,TRUE
Flan-T5-Base,Vitaminc_Fact_Verification,FLAN,Classification,4,1,0.673971474,Logits,TRUE
Flan-T5-Base,Vitaminc_Fact_Verification,FLAN,Classification,5,1,0.674886107,Logits,TRUE
Flan-T5-Base,Vitaminc_Fact_Verification,FLAN,Classification,6,1,0.67539835,Logits,TRUE
Flan-T5-Base,Vitaminc_Fact_Verification,FLAN,Classification,7,1,0.66936177,Logits,TRUE
Flan-T5-Base,Vitaminc_Fact_Verification,FLAN,Classification,8,1,0.669947147,Logits,TRUE
Flan-T5-Base,Vitaminc_Fact_Verification,FLAN,Classification,9,1,0.630014479,Logits,TRUE
Flan-T5-Base,Vitaminc_Fact_Verification,FLAN,Classification,10,1,0.669691026,Logits,TRUE
Flan-T5-Base,Vitaminc_Fact_Verification,FLAN,Classification,11,1,0.672837377,Logits,TRUE
Flan-T5-Base,Vitaminc_Fact_Verification,FLAN,Classification,12,1,0.655477703,Logits,TRUE
Flan-T5-Base,Vitaminc_Fact_Verification,FLAN,Classification,13,1,0.673422694,Logits,TRUE
Flan-T5-Base,Vitaminc_Fact_Verification,FLAN,Classification,14,1,0.649514318,Logits,TRUE
Flan-T5-Base,Vitaminc_Fact_Verification,FLAN,Classification,15,1,0.64880091,Logits,TRUE
Flan-T5-Base,Vitaminc_Fact_Verification,NIV2,Classification,1,1,0.597453654,Logits,TRUE
Flan-T5-Base,Vitaminc_Fact_Verification,NIV2,Classification,2,1,0.584685445,Logits,TRUE
Flan-T5-Base,Vitaminc_Fact_Verification,NIV2,Classification,3,1,0.594709814,Logits,TRUE
Flan-T5-Base,Vitaminc_Fact_Verification,NIV2,Classification,4,1,0.587648869,Logits,TRUE
Flan-T5-Base,Vitaminc_Fact_Verification,NIV2,Classification,5,1,0.591179311,Logits,TRUE
Flan-T5-Base,Vitaminc_Fact_Verification,NIV2,Classification,6,1,0.591179311,Logits,TRUE
Flan-T5-Base,Vitaminc_Fact_Verification,NIV2,Classification,7,1,0.588874459,Logits,TRUE
Flan-T5-Base,Vitaminc_Fact_Verification,NIV2,Classification,8,1,0.587319613,Logits,TRUE
Flan-T5-Base,Vitaminc_Fact_Verification,NIV2,Classification,9,1,0.586478114,Logits,TRUE
Flan-T5-Base,Vitaminc_Fact_Verification,NIV2,Classification,10,1,0.580642819,Logits,TRUE
Flan-T5-Base,Vitaminc_Fact_Verification,NIV2,Classification,11,1,0.545411289,Logits,TRUE
Flan-T5-Base,Vitaminc_Fact_Verification,NIV2,Classification,12,1,0.540380836,Logits,TRUE
Flan-T5-Base,Vitaminc_Fact_Verification,NIV2,Classification,13,1,0.542173505,Logits,TRUE
Flan-T5-Base,Vitaminc_Fact_Verification,NIV2,Classification,14,1,0.546014965,Logits,TRUE
Flan-T5-Base,Vitaminc_Fact_Verification,NIV2,Classification,15,1,0.546380818,Logits,TRUE
Flan-T5-Base,Vitaminc_Fact_Verification,NIV2,Classification,16,1,0.546380818,Logits,TRUE
Flan-T5-Base,Vitaminc_Fact_Verification,NIV2,Classification,17,1,0.542594254,Logits,TRUE
Flan-T5-Base,Vitaminc_Fact_Verification,NIV2,Classification,18,1,0.541460097,Logits,TRUE
Flan-T5-Base,Vitaminc_Fact_Verification,NIV2,Classification,19,1,0.543545485,Logits,TRUE
Flan-T5-Base,Vitaminc_Fact_Verification,NIV2,Classification,20,1,0.545027137,Logits,TRUE
Flan-T5-Base,Winowhy,BBL,Default,1,1,0.479050279,Logits,TRUE
Flan-T5-Base,Winowhy,BBL,Unobserved,1,1,0.638268173,Logits,TRUE
Flan-T5-Base,Winowhy,BBL,Unobserved,2,1,0.650838017,Logits,TRUE
Flan-T5-Base,Winowhy,BBL,Unobserved,3,1,0.643156409,Logits,TRUE
Flan-T5-Base,Winowhy,BBL,Unobserved,4,1,0.443086594,Logits,TRUE
Flan-T5-Base,Winowhy,BBL,Unobserved,5,1,0.627444148,Logits,TRUE
Flan-T5-Base,Winowhy,BBL,Unobserved,6,1,0.648393869,Logits,TRUE
Flan-T5-Base,Winowhy,BBL,Unobserved,7,1,0.513966501,Logits,TRUE
Flan-T5-Base,Winowhy,BBL,Unobserved,8,1,0.627793312,Logits,TRUE
Flan-T5-Base,Winowhy,BBL,Unobserved,9,1,0.599860311,Logits,TRUE
Flan-T5-Base,Winowhy,BBL,Unobserved,10,1,0.482541889,Logits,TRUE
Flan-T5-Base,Winowhy,FLAN,BC,1,1,0.608240247,Logits,TRUE
Flan-T5-Base,Winowhy,FLAN,BC,2,1,0.659916222,Logits,TRUE
Flan-T5-Base,Winowhy,FLAN,BC,3,1,0.645251393,Logits,TRUE
Flan-T5-Base,Winowhy,FLAN,BC,4,1,0.637919009,Logits,TRUE
Flan-T5-Base,Winowhy,FLAN,BC,5,1,0.641410589,Logits,TRUE
Flan-T5-Base,Winowhy,FLAN,BC,6,1,0.642108917,Logits,TRUE
Flan-T5-Base,Winowhy,FLAN,BC,7,1,0.638617337,Logits,TRUE
Flan-T5-Base,Winowhy,FLAN,BC,8,1,0.645600557,Logits,TRUE
Flan-T5-Base,Winowhy,NIV2,BC,1,1,0.518505573,Logits,TRUE
Flan-T5-Base,Winowhy,NIV2,BC,2,1,0.526187122,Logits,TRUE
Flan-T5-Base,Winowhy,NIV2,BC,3,1,0.517108917,Logits,TRUE
Flan-T5-Base,Winowhy,NIV2,BC,4,1,0.517458081,Logits,TRUE
Flan-T5-Base,Winowhy,NIV2,BC,5,1,0.525838017,Logits,TRUE
Flan-T5-Base,Winowhy,NIV2,BC,6,1,0.525838017,Logits,TRUE
Flan-T5-Base,Winowhy,NIV2,BC,7,1,0.519553065,Logits,TRUE
Flan-T5-Base,Winowhy,NIV2,BC,8,1,0.512569845,Logits,TRUE
Flan-T5-Base,Winowhy,NIV2,BC,9,1,0.518854737,Logits,TRUE
Flan-T5-Base,Winowhy,NIV2,BC,10,1,0.527583778,Logits,TRUE